,id,description,water,vol. sil,non vol sil,humectant,occlusive,shear gel,elastomer,emollient,surfactant,particle,polymer,pres.,total,pred absorb.,pred cream,pred drag-I,pred gloss,pred greasy-5,pred greasy-I,pred oily-I,pred peak,pred silky-5,pred silky-I,pred spread,pred sticky-5,pred sticky-1,pred thick,pred wet ,pred visc,pred yld stress,pred dry time,pred RI8,SSNC absorb.,SE,SSNC cream,SSNC drag-I,SSNC gloss,SSNC greasy-5,SSNC greasy-I,SSNC oily-I,SSNC peak,SSNC silky-5,SSNC silky-I,SSNC spread,SSNC sticky-5,SSNC sticky-1,SSNC thick,SSNC wet ,SSNC study,meas. visc,meas yld stress,meas dry time,act RI 8,SSNC dim 1 all,SSNC dim 2 all,SSNC dim 1 15,SSNC dim 2 15,SSNC dim 1 15 corr,SSNC dim 2 15 corr,pred dim 1,pred dim 2,corr pred dim 1,corr pred  dim 2,surf chassis,elastomer type,polymer system,occlus_elast_sum,occlus_elast_cat
41,ISRM 49,PJ/D5 with fatty alcohol/acid blend,0.0,17.7,0.0,0.0,65.1,0.0,0.0,0.0,17.2,0.0,0.0,0.0,100,79.33,50.61,51.1,38.97,56.55,64.96,15.89,78.3,11.9,15.79,36.95,32.86,38.76,74.73,-8.04,8154,88,0.0,40.4,94.14,219.41,45.9,26.14,42.77,56.43,68.17,17.86,73.17,14.93,15.68,41.83,34.39,42.57,68.67,16.4,11-0238,8127.0,309.0,0.0,37.6,1.82,1.71,2.06,1.036,1.8,1.12,2.89,0.233,1.84,0.28,PJ,none,none,65.1,4.0
37,ISRM 45,111 with high elastomer and low water,37.1,0.0,0.0,0.0,0.0,0.0,60.0,0.8,0.75,0.0,0.6,0.75,100,30.14,35.96,19.14,52.21,15.51,30.12,11.51,33.75,49.42,48.97,67.4,6.24,24.38,36.52,46.0,4045,30,6.1,5.4,35.0,23.59,43.33,27.93,45.07,21.23,42.0,11.0,43.93,29.27,32.67,48.9,18.03,32.27,55.33,17.83,11-0238,6735.0,88.0,4.8,22.6,0.95,1.8,1.037,1.807,0.82,1.75,-0.46399999999999997,2.799,-0.34,2.42,silky,9041/9045,Aristoflex,60.0,4.0
75,ISRM 89,"PFP with MSP-825, horizontal control",46.097,3.5,0.75,3.5,0.0,0.0,39.4,0.65,0.648,4.3,0.73,0.425,100,31.85,37.25,22.91,58.08,10.09,21.35,11.17,33.88,39.93,42.92,71.18,8.95,22.62,36.98,57.2,2269,20,6.7,11.2,26.77,25.82,36.04,16.48,58.38,10.81,24.12,12.69,33.23,52.23,56.88,74.27,12.46,31.03,34.35,61.77,13-0461,1616.0,20.0,6.2,1.2,-1.07,2.46,-0.993,2.9339999999999997,-1.03,2.59,-0.705,2.033,-0.64,1.88,silky,Gransil,Sepigel,39.4,4.0
51,ISRM 65,16202-177,28.6,0.0,0.0,3.0,1.2,20.0,40.0,0.0,2.0,4.05,0.4,0.75,100,31.92,38.25,27.04,56.19,12.7,23.78,11.11,37.63,43.62,45.61,63.06,9.86,27.55,43.67,47.72,3167,42,8.2,9.7,31.25,0.44,34.67,23.42,56.92,9.12,18.0,9.42,34.62,38.38,38.33,71.29,13.46,26.58,36.58,60.92,12-0094,2426.0,23.0,8.2,13.8,-0.65,1.52,-0.7829999999999999,1.785,-0.75,1.73,-0.243,2.158,-0.09,1.98,silky,homemade,Aristoflex,41.2,4.0
59,ISRM 73,"""99"" type, cheap silky",43.1,0.0,3.62,3.0,1.2,13.7,31.986,0.0,2.0,0.05,0.594,0.75,100,32.51,34.68,20.12,57.02,11.08,21.05,10.96,37.39,37.61,39.3,66.69,9.86,23.05,36.94,57.13,2794,49,8.2,13.6,26.54,35.59,39.54,19.27,61.73,10.2,19.54,10.46,39.15,38.04,41.69,56.73,7.77,19.96,44.55,38.96,13-0461,4688.0,39.0,8.1,13.3,-0.18,2.16,-0.015,2.318,0.03,2.13,-0.598,2.0380000000000003,-0.5,1.89,silky,homemade,Carbopol/Pemulen,33.186,4.0
35,ISRM 43,system k,0.0,47.5,0.0,0.0,0.0,0.0,50.0,0.0,0.0,2.5,0.0,0.0,100,84.48,37.55,16.98,51.86,12.02,23.4,20.31,29.31,38.08,45.29,69.4,6.24,14.59,42.31,26.73,4788,407,0.0,11.5,85.04,0.32,37.1,16.53,47.23,17.5,38.0,19.97,22.83,31.4,37.5,71.17,2.9,10.43,42.23,19.43,11-0238,3807.0,409.0,0.0,17.2,0.15,1.91,-0.033,2.029,0.02,1.92,-0.19899999999999998,2.215,-0.04,2.02,other,9040,none,50.0,4.0
46,ISRM 60,Fenomino 2 HUT NA,43.068999999999996,0.0,3.62,3.0,1.2,13.7,31.986,0.0,2.0,0.05,0.625,0.75,100,32.51,34.61,20.12,56.99,11.08,21.05,10.96,37.39,37.66,39.32,66.69,9.86,23.11,36.94,57.1,2801,49,8.2,13.6,34.08,2.48,33.67,20.29,57.04,11.75,21.54,9.38,37.33,40.38,40.0,76.29,11.21,24.29,33.54,66.29,12-0094,2708.0,36.0,10.3,12.5,-0.63,1.86,-0.965,2.0,-0.99,1.89,-0.598,2.04,-0.51,1.89,silky,homemade,Aristoflex,33.186,4.0
54,ISRM 68,Ponds Fine Pore Moisturizer ,46.097,3.5,0.75,3.5,0.0,0.0,39.4,0.65,0.648,4.3,0.73,0.425,100,31.85,37.25,22.91,58.08,10.09,21.35,11.17,33.88,39.93,42.92,71.18,8.95,22.62,36.98,57.2,2269,20,6.7,11.2,33.62,3.13,35.92,20.42,58.83,9.88,22.33,10.46,34.42,46.96,48.17,70.96,11.92,26.25,38.21,61.42,12-0094,2326.0,27.0,6.0,6.5,-0.78,2.04,-0.82,2.387,-0.79,2.18,-0.705,2.033,-0.64,1.88,silky,Gransil,Sepigel,39.4,4.0
